epoch,time(s),train_loss,test_loss,test_error(%)
001,00021,1.326995,1.24789,33.41
002,00021,1.025567,1.01707,29.14
003,00021,0.860578,0.90134,25.92
004,00021,0.764147,0.86263,24.97
005,00022,0.655860,0.80408,23.21
006,00022,0.565172,0.76219,22.29
007,00021,0.510811,0.73378,21.48
008,00021,0.500035,0.71517,20.58
009,00021,0.416803,0.70868,20.49
010,00021,0.461552,0.70866,20.82
