epoch,time(s),train_loss,test_loss,test_error(%)
001,00021,0.196976,0.17377,5.72
002,00021,0.142160,0.17973,6.20
003,00021,0.112419,0.14876,4.92
004,00021,0.096959,0.13447,4.18
005,00021,0.083474,0.12378,3.95
006,00021,0.070323,0.12014,3.84
007,00021,0.050299,0.11851,3.82
008,00022,0.061918,0.11658,3.65
009,00021,0.045515,0.11460,3.59
010,00021,0.040836,0.11284,3.64
