epoch,time(s),train_loss,test_loss,test_error(%)
001,01137,3.209293,2.41805,52.13
002,01136,2.829988,2.03115,45.54
003,01136,2.702670,1.90517,42.17
004,01135,2.575099,1.78908,40.59
005,01136,2.724096,1.77565,40.77
