epoch,time(s),train_loss,test_loss,test_error(%)
001,01136,1.186962,0.58899,14.74
002,01136,1.139498,0.54077,13.34
003,01135,1.074730,0.50024,12.49
004,01136,1.046829,0.47504,12.08
005,01136,1.005823,0.50444,12.89
